,MAE,MSE,RMSE,R2,set,modelo
0,316.74657534246575,232956.40410958903,482.6555750321227,0.07413299828184738,test,Cas_enc_Decission Tree I
1,0.0,0.0,0.0,1.0,train,Cas_enc_Decission Tree I
2,248.71018014968192,115775.56208629855,340.258081588518,0.5398590867214422,test,Cas_enc_Decision tree II
3,253.30284385413938,120989.59452097266,347.83558547246525,0.5259550868680668,train,Cas_enc_Decision tree II
