,MAE,MSE,RMSE,R2,set,modelo
0,0.7008475615891605,0.8648653640073836,0.9299813783121593,0.026576917273581357,test,Reg_enc_est_Decission Tree I
1,0.0,0.0,0.0,1.0,train,Reg_enc_est_Decission Tree I
2,0.6908116027442311,0.6817563136263004,0.8256853599442711,0.23266977717395698,test,Reg_enc_est_4_Decision tree II
3,0.6353697485476416,0.6136474193530714,0.7833565084641038,0.4019989043165102,train,Reg_enc_est_4_Decision tree II
