,MAE,MSE,RMSE,R2,set,modelo
2,0.38079106164584015,0.2665227588042349,0.516258422501982,0.700023360526491,test,Reg_enc_est_3_Decision tree II
3,0.31322529165386176,0.180146656317124,0.42443686964862515,0.8244465886046947,train,Reg_enc_est_3_Decision tree II
4,1014.9730322898802,1419732.8261502609,1191.525419850647,0.342281220451039,test,Reg_enc_2_Decision tree II
5,935.1413107205796,1239350.4720955312,1113.2611877252934,0.5028840624106907,train,Reg_enc_2_Decision tree II
8,549.1754714690557,581592.876272939,762.6223680649152,0.7305658151091297,test,Reg_enc_Decision tree II
9,480.11557605848606,403152.8376972592,634.9431767467536,0.8382913425894791,train,Reg_enc_Decision tree II
